record_id,ai_system_id,decision_type,affected_group,outcome,transparency
1,101,Candidate screening,Minority applicants,Rejected,Low
2,101,Candidate ranking,All applicants,Ranked,Medium
3,101,Hiring review,Protected group,Biased,Low
4,102,Diagnosis prediction,Patients,Accurate,High
5,102,Treatment recommendation,Patients,Personalized,High
6,102,Triage prioritization,Elderly patients,Fair,Medium
7,103,Learning recommendation,Students,Personalized,Medium
8,103,Assessment adaptation,Students,Fair,High
9,103,Scholarship suggestion,Underrepresented students,Inclusive,Medium
